Folder,Filename,#Par,Fluent?,Con,Pron,W,S,Average S.,Addition_C,Comparison_C,Concession_C,Contrast_C,Emphasis_C,Example_C,Summary_C,Cause_C,Time sequence_C,Subject_P,Object_P,Possessive_P,Relative_P,Demonstrative_P
3,e448d2fc-1ab4-4a19-a2af-6b4481a8070b.txt,1,Y,2,7,32,5,6.4,0,0,0,0,0,0,0,1,1,4,2,1,1,1
6,f1cb3790-19b2-4a08-9c68-59c78fa9697c.txt,1,Y,3,8,57,5,11.4,0,0,0,1,1,0,1,0,1,6,3,1,0,0
4,e914ff40-517c-4dc3-bff0-4147afc97991.txt,1,Y,4,11,95,5,19,1,0,0,2,0,1,1,0,3,5,4,3,1,1
6,6bfce0f8-895a-44ab-bdd8-cdab9d0a24bc.txt,5,Y,4,8,84,4,21,0,0,0,2,0,0,0,1,1,4,3,2,0,0
6,6bfce0f8-895a-44ab-bdd8-cdab9d0a24bc.txt,2,Y,2,10,94,6,15.66666667,0,0,0,2,0,0,0,0,0,4,3,3,1,0
6,6bfce0f8-895a-44ab-bdd8-cdab9d0a24bc.txt,4,Y,3,10,103,7,14.71428571,1,0,0,1,0,0,0,0,1,5,2,3,1,1
10,6284470c-bf3d-4d6e-954f-3286895b1487.txt,16,Y,3,7,91,3,30.33333333,1,0,0,1,0,1,2,0,2,3,2,1,0,1
10,d04be3d3-7851-4cf8-bc92-73e3ffd55bd1.txt,7,Y,1,11,99,5,19.8,0,0,0,0,0,0,1,0,1,4,2,2,2,2
10,53cc0d83-4a49-44d3-86fb-b957c7258761.txt,18,Y,8,12,93,7,13.28571429,3,0,0,0,0,1,0,0,6,4,4,3,1,2
10,1b2266cd-a902-43fc-99c4-ad34cd9498ed.txt,4,Y,2,11,75,4,18.75,0,0,0,1,0,0,0,1,0,5,3,3,1,1
Grade 12,fdf757ae-a80a-475a-8979-7d77471b283b.txt,3,N,0,9,63,4,15.75,0,0,0,0,0,0,0,0,0,5,4,1,0,1
10,43f3b727-ad2b-4343-87ff-5c9fda433b0b.txt,11,Y,2,10,67,4,16.75,0,0,0,1,0,0,0,0,1,5,5,1,1,1
6,51365203-5840-45a2-a885-eac2ac8f2254.txt,6,Y,4,18,127,10,12.7,1,0,0,0,0,1,1,1,1,7,4,7,1,3
6,51365203-5840-45a2-a885-eac2ac8f2254.txt,4,Y,13,15,189,8,23.625,4,0,0,4,0,1,3,0,7,7,4,3,2,2
6,51365203-5840-45a2-a885-eac2ac8f2254.txt,2,Y,2,11,85,4,21.25,0,0,1,0,1,1,0,0,1,4,4,4,0,0
6,8f6fc81f-508e-4180-94ab-f946eaf24033.txt,4,Y,4,9,106,8,13.25,0,0,0,0,0,0,1,0,4,5,3,2,0,0
6,8f6fc81f-508e-4180-94ab-f946eaf24033.txt,7,Y,7,10,71,5,14.2,1,0,1,2,1,0,0,0,2,5,3,2,1,1
10,30936735-ae1c-458e-8919-20b73921fb10.txt,1,Y,3,7,54,3,18,0,0,0,2,0,0,0,0,1,5,1,1,0,0
Grade 11,1eb6a91e-33ad-4883-a54c-a7d849d6aebc.txt,1,Y,3,7,54,3,18,0,0,0,2,0,0,0,0,1,5,1,1,0,0
6,85986361-6293-4bb8-97e6-a7349a467684.txt,4,Y,3,9,108,3,36,0,0,0,0,0,0,1,0,3,5,2,1,1,1
10,a956510c-9520-48ad-a6e5-12f142a62472.txt,2,Y,4,9,61,4,15.25,1,0,0,1,0,0,0,0,2,5,3,1,1,1
9,f5b3b87d-8d95-4544-bc30-389783ec87fe.txt,2,N,4,15,153,10,15.3,2,1,0,1,0,1,0,0,1,5,4,4,2,2
10,6284470c-bf3d-4d6e-954f-3286895b1487.txt,11,Y,4,13,142,9,15.77777778,1,0,0,1,0,0,2,0,1,5,3,4,1,2
4,4f80ae4c-418a-4bb9-aca3-7a2c52c30ada.txt,3,Y,0,7,52,4,13,0,0,0,0,0,0,0,0,0,5,1,1,0,0
4,4f80ae4c-418a-4bb9-aca3-7a2c52c30ada.txt,4,Y,6,13,74,5,14.8,1,0,0,1,0,0,1,0,4,7,4,4,1,1
6,3e041b9b-bc74-41be-8e81-85df8be44df1.txt,2,Y,1,10,55,3,18.33333333,0,0,1,0,1,1,0,0,0,4,3,4,0,0
3,a9e644f3-8a0a-41dd-a65f-bfc832500e3b.txt,1,N,3,12,99,19,5.210526316,0,0,0,0,0,1,0,1,1,5,5,3,1,1
10,43f3b727-ad2b-4343-87ff-5c9fda433b0b.txt,8,Y,2,11,109,7,15.57142857,0,1,0,0,0,0,1,0,0,5,3,1,2,2
10,43f3b727-ad2b-4343-87ff-5c9fda433b0b.txt,9,Y,1,12,76,6,12.66666667,0,0,0,1,0,0,0,0,0,4,4,4,1,1
10,43f3b727-ad2b-4343-87ff-5c9fda433b0b.txt,4,Y,9,15,88,5,17.6,2,0,1,1,1,1,2,1,3,5,3,6,1,2
Grade 9,c329a97d-f48c-43d2-83ef-97b483a40102.txt,4,Y,9,15,88,5,17.6,2,0,1,1,1,1,2,1,3,5,3,6,1,2
3,0778728a-1ef8-4edb-9bde-cd7cb4cb4245.txt,1,Y,3,7,60,6,10,1,0,0,0,0,0,0,1,2,4,3,1,0,0
10,2a6e5b24-4e1a-4417-83dc-a7dfa65f4e24.txt,1,Y,2,9,61,4,15.25,0,0,0,1,0,0,1,1,1,3,2,4,0,1
6,f1cb3790-19b2-4a08-9c68-59c78fa9697c.txt,3,Y,6,14,125,5,25,1,0,0,1,0,0,2,0,3,5,5,5,1,2
Grade 6,f1cb3790-19b2-4a08-9c68-59c78fa9697c.txt,3,Y,6,14,125,5,25,1,0,0,1,0,0,2,0,3,5,5,5,1,2
6,fced2421-53f2-4d1b-bfec-0279f89c74d5.txt,5,Y,1,10,100,5,20,1,1,0,0,0,0,0,0,0,3,2,5,0,1
Grade 8,7b909998-91a4-46d0-85b1-fab1779e3847.txt,5,Y,1,10,100,5,20,1,1,0,0,0,0,0,0,0,3,2,5,0,1
10,3e229408-5ab9-4fd8-ab25-e636a4217a69.txt,1,N,3,12,80,5,16,0,0,0,0,0,0,1,0,2,5,3,3,2,1
6,85986361-6293-4bb8-97e6-a7349a467684.txt,2,Y,1,13,111,7,15.85714286,0,0,0,0,0,0,0,0,1,6,4,3,1,1
6,61e1456d-7588-4c1a-b20f-4117d4f356e8.txt,5,Y,1,12,83,5,16.6,0,0,0,0,0,1,0,0,0,5,4,2,1,2
Grade 7,7126413d-8863-426e-9f3a-51a656abcbbf.txt,5,Y,1,12,83,5,16.6,0,0,0,0,0,1,0,0,0,5,4,2,1,2
10,1ac1f588-4ce3-4fb9-a3bf-26fdf5ed5c9a.txt,8,Y,1,9,60,3,20,1,0,0,0,0,0,0,0,0,5,1,1,1,2
2,94af813f-acf0-47c6-8d29-d353395f494f.txt,1,Y,3,12,104,12,8.666666667,1,0,0,0,0,0,0,1,1,5,3,3,1,2
Grade 10,afe35d4a-5600-48ec-a42b-d9a400f7c454.txt,2,Y,5,11,65,5,13,1,0,0,1,0,1,2,2,2,6,3,3,0,1
10,b747b7da-d2b8-46cd-80d8-636f7ab69e28.txt,12,N,3,11,127,7,18.14285714,0,0,0,1,0,0,1,0,1,5,3,3,1,1
4,117cdedd-8944-49fc-bed8-39e859a75440.txt,1,Y,1,7,29,3,9.666666667,0,0,0,0,0,0,0,0,1,4,2,1,0,0
Grade 5,7ad476e7-1a30-43a6-a98a-f5e6af12b15b.txt,2,N,0,9,46,6,7.666666667,0,0,0,0,0,0,0,0,0,5,3,2,0,0
Grade 4,117cdedd-8944-49fc-bed8-39e859a75440.txt,3,N,1,6,54,6,9,0,0,0,0,0,0,0,0,1,4,1,1,1,1
4,117cdedd-8944-49fc-bed8-39e859a75440.txt,4,Y,3,7,44,4,11,0,0,0,1,0,0,0,0,2,4,2,1,1,1
10,6284470c-bf3d-4d6e-954f-3286895b1487.txt,13,Y,4,9,69,3,23,0,0,0,2,0,1,1,0,0,4,2,1,2,2
Grade 12,cc9c5482-0977-4c9a-b908-5c9d5a3c768b.txt,13,Y,4,9,69,3,23,0,0,0,2,0,1,1,0,0,4,2,1,2,2
2,d9686a57-8170-47bc-9491-3d48b80f5a9d.txt,1,N,3,5,44,3,14.66666667,1,0,0,0,0,0,1,0,3,3,1,2,0,0
6,64e4e873-442c-4731-a509-203cf7568951.txt,7,Y,3,10,86,6,14.33333333,1,0,0,2,0,1,1,0,2,4,3,3,1,1
1,5d05d7b5-aad7-4c27-bf3e-547751d9f22f.txt,1,N,0,6,57,8,7.125,0,0,0,0,0,0,0,0,0,5,1,1,0,0
6,64e4e873-442c-4731-a509-203cf7568951.txt,6,Y,7,9,100,9,11.11111111,1,0,1,0,0,0,3,0,5,4,2,2,0,1
10,0a97813b-0f08-48fa-b18a-e15f32b8dc3e.txt,12,Y,2,8,54,3,18,0,0,0,0,0,1,1,0,1,4,3,2,0,0
6,64e4e873-442c-4731-a509-203cf7568951.txt,3,Y,4,9,84,7,12,1,0,0,1,0,0,1,0,2,5,2,2,0,0
Grade 7,a3dc1ffd-cc99-4045-a129-8e44addfd350.txt,3,Y,4,9,84,7,12,1,0,0,1,0,0,1,0,2,5,2,2,0,0
10,54e49de4-2891-4349-93ba-4428ccb0db4c.txt,7,N,5,8,71,16,4.4375,3,0,0,0,0,0,2,0,4,3,2,2,1,1
4,0f971271-a634-417f-82a2-3a2937b3c058.txt,3,Y,4,13,73,8,9.125,0,0,0,1,0,0,2,0,2,4,4,5,1,1
10,d04be3d3-7851-4cf8-bc92-73e3ffd55bd1.txt,2,N,1,7,55,3,18.33333333,0,0,0,1,0,0,0,0,0,6,2,0,0,0
10,53cc0d83-4a49-44d3-86fb-b957c7258761.txt,12,N,2,7,36,3,12,0,0,0,1,0,0,0,0,1,3,1,1,1,2
4,398348d6-b356-40e4-a2db-640f3cea60e3.txt,3,Y,1,9,44,4,11,1,0,0,0,0,0,0,0,1,4,2,2,1,2
6,fced2421-53f2-4d1b-bfec-0279f89c74d5.txt,3,Y,0,7,56,4,14,0,0,0,0,0,0,0,0,0,3,0,3,1,1
10,b747b7da-d2b8-46cd-80d8-636f7ab69e28.txt,7,N,1,4,37,3,12.33333333,0,0,0,0,0,0,0,0,1,3,0,1,0,0
6,64e4e873-442c-4731-a509-203cf7568951.txt,5,Y,3,11,142,10,14.2,0,0,0,0,0,1,1,0,2,5,4,3,0,0
10,d04be3d3-7851-4cf8-bc92-73e3ffd55bd1.txt,10,Y,1,7,76,5,15.2,0,0,0,0,0,0,0,0,1,5,2,1,0,0
10,d04be3d3-7851-4cf8-bc92-73e3ffd55bd1.txt,4,Y,2,7,64,3,21.33333333,0,0,0,1,0,0,0,0,1,3,2,2,1,1
10,6284470c-bf3d-4d6e-954f-3286895b1487.txt,1,Y,5,12,142,12,11.83333333,1,0,0,3,0,0,0,0,1,4,4,5,1,2
10,1b2266cd-a902-43fc-99c4-ad34cd9498ed.txt,7,N,4,9,102,7,14.57142857,2,1,0,0,0,0,1,0,3,5,1,2,1,1
6,f1cb3790-19b2-4a08-9c68-59c78fa9697c.txt,2,Y,3,14,175,7,25,0,0,0,1,0,1,0,0,1,5,3,3,2,3
10,6284470c-bf3d-4d6e-954f-3286895b1487.txt,17,N,3,10,56,3,18.66666667,1,0,0,0,0,1,0,0,2,5,2,4,1,1
2,628a87f7-bc34-4be6-b50c-6110a0cdd18c.txt,4,Y,0,6,36,6,6,0,0,0,0,0,0,0,0,0,4,2,1,0,0
6,15075463-b997-4eeb-8626-c3a66708e27b.txt,3,Y,2,9,70,3,23.33333333,1,1,0,0,0,0,0,1,0,5,2,1,1,1
Grade 7,838bbb4b-47ed-49af-a02d-bf9ff273e9da.txt,3,Y,2,9,70,3,23.33333333,1,1,0,0,0,0,0,1,0,5,2,1,1,1
10,afe35d4a-5600-48ec-a42b-d9a400f7c454.txt,5,Y,1,5,38,3,12.66666667,0,0,0,0,0,0,0,0,1,2,2,0,1,1
3,5463766d-fc89-482e-919a-34712574fcef.txt,1,N,4,8,125,13,9.615384615,1,1,0,0,0,0,0,1,2,3,2,3,1,1
Grade 3,5463766d-fc89-482e-919a-34712574fcef.txt,1,N,4,8,125,13,9.615384615,1,1,0,0,0,0,0,1,2,3,2,3,1,1
4,3ebb9f0e-2acd-403a-96a4-ba9deacbc69e.txt,2,N,2,9,61,6,10.16666667,1,0,0,0,0,0,0,0,1,4,3,3,0,0
6,8c29d062-c5a9-4cff-a137-5ece2673d9f1.txt,1,Y,3,7,80,7,11.42857143,2,0,0,0,0,1,2,0,2,3,3,1,1,1
10,53cc0d83-4a49-44d3-86fb-b957c7258761.txt,9,N,3,5,49,3,16.33333333,0,0,0,2,0,1,0,0,0,3,0,1,1,1
6,64e4e873-442c-4731-a509-203cf7568951.txt,10,Y,3,12,71,5,14.2,1,0,0,1,0,0,1,0,1,5,2,4,1,2
10,53cc0d83-4a49-44d3-86fb-b957c7258761.txt,5,Y,0,6,76,6,12.66666667,0,0,0,0,0,0,0,0,0,3,1,2,0,0
Grade 9,8114f165-c9b4-4b54-931a-1f4fb0ebe2e3.txt,5,Y,0,6,76,6,12.66666667,0,0,0,0,0,0,0,0,0,3,1,2,0,0
6,fced2421-53f2-4d1b-bfec-0279f89c74d5.txt,4,Y,4,5,73,5,14.6,0,0,0,1,0,2,0,1,0,4,1,0,0,0
3,e448d2fc-1ab4-4a19-a2af-6b4481a8070b.txt,2,N,1,8,42,7,6,0,0,0,1,0,0,0,0,0,4,1,2,1,1
2,9c9919c3-da7c-44bf-a1f6-5ed0d44b9cb0.txt,1,N,0,4,27,4,6.75,0,0,0,0,0,0,0,0,0,2,0,1,1,1
10,43f3b727-ad2b-4343-87ff-5c9fda433b0b.txt,3,Y,4,8,58,4,14.5,1,0,0,1,0,0,1,1,2,4,3,2,0,0
6,66c8917b-94b4-419a-a68f-764770819153.txt,2,Y,7,12,171,6,28.5,1,0,0,3,0,1,0,0,2,6,3,2,2,1
10,98d7b698-7b46-47f3-b100-a15e7d3b63a1.txt,3,Y,3,7,49,3,16.33333333,1,0,0,0,0,1,0,0,1,3,2,1,1,2
Grade 12,7f874690-11c6-462a-a054-78da68c94031.txt,3,Y,3,7,49,3,16.33333333,1,0,0,0,0,1,0,0,1,3,2,1,1,2
4,e914ff40-517c-4dc3-bff0-4147afc97991.txt,5,Y,2,7,32,3,10.66666667,0,0,0,0,0,0,0,0,2,4,1,1,1,1
6,ab45d134-4554-4339-a5d0-7ec92b950e74.txt,16,N,1,8,46,3,15.33333333,0,0,0,1,0,0,0,0,0,5,2,1,1,1
10,98d7b698-7b46-47f3-b100-a15e7d3b63a1.txt,2,Y,1,10,113,6,18.83333333,0,0,0,0,0,1,0,0,0,5,3,2,1,1
10,164e3426-bfa2-433a-8a93-2486e3f60083.txt,7,N,1,9,37,3,12.33333333,0,0,0,0,0,0,0,0,1,6,2,0,1,1
10,6284470c-bf3d-4d6e-954f-3286895b1487.txt,10,Y,4,10,68,3,22.66666667,2,1,0,1,0,0,0,1,1,6,3,1,1,0
6,913a05c2-3f03-41ad-900a-e437ca8b3163.txt,2,Y,3,12,140,10,14,1,1,0,0,0,1,0,0,1,5,3,3,1,2
10,1b2266cd-a902-43fc-99c4-ad34cd9498ed.txt,3,Y,5,12,89,6,14.83333333,2,0,0,3,0,1,2,0,3,4,3,3,2,2
6,ab45d134-4554-4339-a5d0-7ec92b950e74.txt,12,Y,1,11,63,3,21,0,0,0,0,0,0,1,0,1,5,2,3,1,2
1,3a7a086e-4a66-4ad0-ba8b-2c580acedd71.txt,1,Y,1,8,51,3,17,0,0,0,0,0,0,0,1,0,4,2,1,1,1
10,b747b7da-d2b8-46cd-80d8-636f7ab69e28.txt,9,Y,4,9,99,4,24.75,1,0,0,2,0,0,0,0,3,3,3,2,1,2
10,745fd48e-b784-4d6b-b802-691b50135c84.txt,3,Y,4,15,69,3,23,0,0,0,3,0,0,0,0,1,5,4,6,1,1
10,afe35d4a-5600-48ec-a42b-d9a400f7c454.txt,6,Y,2,13,143,10,14.3,0,0,0,1,0,0,0,0,1,4,4,5,0,1
10,1ac1f588-4ce3-4fb9-a3bf-26fdf5ed5c9a.txt,3,Y,4,7,90,3,30,0,0,0,1,0,0,0,0,3,3,2,3,0,0
10,1ac1f588-4ce3-4fb9-a3bf-26fdf5ed5c9a.txt,5,Y,4,6,79,5,15.8,0,0,0,1,0,1,0,0,2,4,1,1,0,0
1,2374d267-831c-480d-a802-6b1a7602c7e0.txt,2,Y,0,5,32,4,8,0,0,0,0,0,0,0,0,0,3,2,1,0,0
2,628a87f7-bc34-4be6-b50c-6110a0cdd18c.txt,2,N,1,5,39,5,7.8,0,0,0,0,0,0,0,0,1,3,2,0,0,0
10,b747b7da-d2b8-46cd-80d8-636f7ab69e28.txt,13,Y,2,9,48,4,12,0,0,0,1,0,0,0,0,1,4,3,2,1,1
6,ab45d134-4554-4339-a5d0-7ec92b950e74.txt,4,N,3,11,128,9,14.22222222,0,0,0,1,1,0,1,0,1,7,4,1,1,1
4,4f80ae4c-418a-4bb9-aca3-7a2c52c30ada.txt,2,Y,2,6,36,3,12,1,1,0,0,0,0,1,1,1,5,1,1,0,0
10,53cc0d83-4a49-44d3-86fb-b957c7258761.txt,13,Y,3,9,59,3,19.66666667,1,0,0,1,0,0,1,1,2,4,2,2,0,1
Grade 10,53cc0d83-4a49-44d3-86fb-b957c7258761.txt,13,Y,3,9,59,3,19.66666667,1,0,0,1,0,0,1,1,2,4,2,2,0,1
10,0a97813b-0f08-48fa-b18a-e15f32b8dc3e.txt,5,Y,2,13,145,9,16.11111111,0,0,0,0,0,0,1,0,2,5,4,3,0,2
10,a956510c-9520-48ad-a6e5-12f142a62472.txt,3,Y,3,10,55,3,18.33333333,1,0,0,1,0,2,2,2,1,4,3,2,1,2
6,ab45d134-4554-4339-a5d0-7ec92b950e74.txt,7,N,1,6,41,3,13.66666667,0,0,0,0,0,0,0,0,1,5,1,1,0,0
12,950f8de0-b779-4468-aed1-9aae1e3871a5.txt,1,Y,5,8,64,4,16,2,1,0,1,0,0,1,0,3,4,2,2,1,1
5,db5fe56f-6a3e-41aa-8c2a-44bbc9588f09.txt,2,N,4,9,133,10,13.3,0,0,0,1,0,0,1,1,1,4,3,3,0,0
7,102e0250-b513-4cde-a998-ffacbcf493dd.txt,3,N,1,7,45,4,11.25,1,0,0,0,0,0,0,0,1,4,3,1,0,0
4,1b82113a-d1b6-43f8-89a3-0bc1f65c85b4.txt,3,Y,4,13,105,10,10.5,1,0,0,1,0,0,0,1,1,4,3,5,1,2
Grade 5,ffb1b909-6bb0-402b-945e-8e6fc53e0893.txt,3,Y,4,13,105,10,10.5,1,0,0,1,0,0,0,1,1,4,3,5,1,2
10,7231a1e3-b6fc-46f5-9ce5-12b0c7976a34.txt,2,Y,2,10,80,3,26.66666667,0,0,0,0,0,0,1,0,2,6,4,2,0,0
Grade 12,fdf757ae-a80a-475a-8979-7d77471b283b.txt,2,Y,2,10,80,3,26.66666667,0,0,0,0,0,0,1,0,2,6,4,2,0,0
10,d04be3d3-7851-4cf8-bc92-73e3ffd55bd1.txt,11,Y,5,11,122,5,24.4,2,1,0,1,0,0,1,0,2,4,2,3,1,2
6,61e3ad9b-0a2c-41b9-a13c-325dd1b58fbe.txt,1,Y,9,12,183,9,20.33333333,3,0,0,0,0,0,2,1,6,5,3,4,0,1
10,b747b7da-d2b8-46cd-80d8-636f7ab69e28.txt,6,Y,4,11,153,6,25.5,1,0,0,3,0,1,1,0,2,6,4,2,1,1
1,3e477eee-8e3f-402c-9ff3-bea2692dd281.txt,1,N,2,5,25,3,8.333333333,0,0,0,1,0,0,1,0,1,4,1,0,0,0
10,745fd48e-b784-4d6b-b802-691b50135c84.txt,4,Y,3,10,77,4,19.25,0,0,0,2,0,1,0,0,0,5,4,3,0,0
1,2374d267-831c-480d-a802-6b1a7602c7e0.txt,1,N,0,5,24,3,8,0,0,0,0,0,0,0,0,0,4,1,0,0,0
10,7231a1e3-b6fc-46f5-9ce5-12b0c7976a34.txt,6,Y,2,9,78,3,26,1,1,0,1,0,0,0,0,0,5,3,2,0,0
Grade 11,0b70b8f3-5301-4eb9-85b0-e7fa6fe3ad7d.txt,6,Y,2,9,78,3,26,1,1,0,1,0,0,0,0,0,5,3,2,0,0
4,9069e61e-0152-4075-8ab6-8776dc76e1ee.txt,1,Y,4,6,73,5,14.6,3,1,0,0,0,1,0,0,1,4,2,0,0,0
10,0bda5a94-aece-4017-abbf-4d0d13deffa1.txt,3,Y,0,5,42,5,8.4,0,0,0,0,0,0,0,0,0,3,1,1,0,0
6,ab45d134-4554-4339-a5d0-7ec92b950e74.txt,13,Y,2,6,40,4,10,0,0,0,0,0,0,1,0,2,3,2,2,0,0
6,ab45d134-4554-4339-a5d0-7ec92b950e74.txt,6,Y,1,6,50,5,10,0,0,0,0,0,0,0,0,1,4,1,1,1,1
1,3bb2fb16-32d7-4237-92e3-6c23f8717558.txt,1,N,1,6,49,9,5.444444444,1,0,0,0,0,0,0,0,1,4,2,1,0,0
5,85471520-873d-44a1-a11f-e18f7c4816e8.txt,3,Y,6,13,128,8,16,1,0,0,1,0,1,2,1,1,5,3,3,1,3
10,53cc0d83-4a49-44d3-86fb-b957c7258761.txt,15,Y,1,7,60,5,12,1,0,0,0,0,0,0,0,0,4,3,1,0,0
1,125540d1-c28a-4c1c-acf1-3c629ba8d3a2.txt,1,Y ,2,6,52,8,6.5,0,0,0,1,0,0,1,0,1,4,2,1,0,0
2,47db8f3d-455b-42dd-adcc-80c1b49846e9.txt,1,Y ,3,8,78,8,9.75,1,0,0,0,0,0,1,1,2,2,2,4,0,1
6,d449ad93-650a-4ed8-9923-a1e5f122f718.txt,3,Y,5,10,106,6,17.66666667,2,0,0,1,1,1,1,0,2,4,4,2,1,1
Grade 8,5927f62a-1b0a-4c9b-92c4-39bebd737bd1.txt,3,Y,5,10,106,6,17.66666667,2,0,0,1,1,1,1,0,2,4,4,2,1,1
4,9ee1d472-8e46-4f4a-9f3d-acf556a4e4a0.txt,1,Y,3,16,166,10,16.6,0,0,0,1,0,0,0,0,2,6,4,7,1,2
1,a9336c1e-4f57-404e-9742-bcc35c7cb07b.txt,1,Y,0,5,26,5,5.2,0,0,0,0,0,0,0,0,0,2,2,1,0,0
4,9069e61e-0152-4075-8ab6-8776dc76e1ee.txt,2,Y,2,8,93,5,18.6,1,1,0,0,0,0,0,0,1,5,2,3,0,0
1,b6953f1d-7536-40d9-88fb-138e3dad8d12.txt,1,N,3,8,128,10,12.8,0,0,0,1,0,0,1,0,2,5,2,2,0,0
3,ed519e2c-f90d-40ac-a0a5-9466af1a424b.txt,1,N,5,10,133,15,8.866666667,2,1,0,1,0,0,2,1,3,6,2,2,1,1
3,99691e78-5d03-4b11-bd4e-a48ae57c8f09.txt,1,N,2,6,44,6,7.333333333,0,0,0,1,0,0,1,0,1,5,1,1,0,0
1,ed33a507-c275-4f0f-9f00-9793ac13cda8.txt,1,N,1,9,38,8,4.75,0,0,0,0,0,0,1,0,1,6,2,2,0,0
2,f9ce4838-50fc-4195-b42e-9d47524e93e1.txt,1,N,0,5,28,5,5.6,0,0,0,0,0,0,0,0,0,3,2,1,0,0
6,913a05c2-3f03-41ad-900a-e437ca8b3163.txt,5,Y,4,8,55,3,18.33333333,1,0,0,0,0,1,1,1,1,3,3,1,1,1
10,7231a1e3-b6fc-46f5-9ce5-12b0c7976a34.txt,4,Y,5,10,151,7,21.57142857,3,0,0,1,0,0,0,0,2,5,3,2,1,1
6,61e3ad9b-0a2c-41b9-a13c-325dd1b58fbe.txt,4,Y,6,7,67,3,22.33333333,1,0,0,3,0,1,1,0,4,4,1,2,1,1
6,61e3ad9b-0a2c-41b9-a13c-325dd1b58fbe.txt,,Y,2,8,68,4,17,0,0,0,1,0,0,0,0,1,4,2,1,1,1
10,0a97813b-0f08-48fa-b18a-e15f32b8dc3e.txt,11,N,3,5,33,4,8.25,0,0,0,1,0,1,0,0,1,4,2,0,0,0
Grade 9,33b284a4-c6d6-48ed-bc60-fb4c3bc76849.txt,11,N,3,5,33,4,8.25,0,0,0,1,0,1,0,0,1,4,2,0,0,0
10,d04be3d3-7851-4cf8-bc92-73e3ffd55bd1.txt,13,Y,2,11,114,7,16.28571429,0,0,1,0,0,1,0,0,0,5,2,3,0,1
Grade 10,d04be3d3-7851-4cf8-bc92-73e3ffd55bd1.txt,13,Y,2,11,114,7,16.28571429,0,0,1,0,0,1,0,0,0,5,2,3,0,1
10,98d7b698-7b46-47f3-b100-a15e7d3b63a1.txt,7,Y,3,16,142,8,17.75,1,0,0,0,0,1,0,0,2,6,4,6,1,2
Grade 10,98d7b698-7b46-47f3-b100-a15e7d3b63a1.txt,7,Y,3,16,142,8,17.75,1,0,0,0,0,1,0,0,2,6,4,6,1,2
10,53cc0d83-4a49-44d3-86fb-b957c7258761.txt,2,Y,2,10,70,5,14,0,0,1,1,1,1,0,0,0,4,3,4,0,0
10,d04be3d3-7851-4cf8-bc92-73e3ffd55bd1.txt,3,Y,2,10,53,4,13.25,0,0,0,1,0,0,1,0,0,6,2,1,0,1
6,61e3ad9b-0a2c-41b9-a13c-325dd1b58fbe.txt,2,Y,4,10,88,5,17.6,1,1,0,0,0,0,0,1,2,5,1,3,1,1
Grade 7,ecd8cfeb-f5bd-4145-8074-ccd7b3948ae2.txt,2,Y,4,10,88,5,17.6,1,1,0,0,0,0,0,1,2,5,1,3,1,1
10,53cc0d83-4a49-44d3-86fb-b957c7258761.txt,14,N,4,7,52,4,13,1,0,0,0,0,1,0,0,2,4,1,2,0,0
10,d04be3d3-7851-4cf8-bc92-73e3ffd55bd1.txt,9,Y,3,14,123,7,17.57142857,0,0,0,1,0,1,0,0,1,4,4,5,1,2
10,53cc0d83-4a49-44d3-86fb-b957c7258761.txt,8,Y,4,11,83,6,13.83333333,1,0,0,1,0,0,0,0,2,4,3,3,1,2
10,6284470c-bf3d-4d6e-954f-3286895b1487.txt,9,Y,7,13,182,8,22.75,1,1,0,3,1,2,0,1,0,5,3,2,2,3
5,85471520-873d-44a1-a11f-e18f7c4816e8.txt,2,Y,3,12,61,4,15.25,1,0,0,1,0,0,0,0,2,5,2,3,1,3
10,b747b7da-d2b8-46cd-80d8-636f7ab69e28.txt,3,Y,8,11,136,9,15.11111111,1,0,0,2,1,2,0,0,3,5,4,2,1,2
Grade 12,1d45bcfc-80f6-44c9-9670-d98392d25c8d.txt,3,Y,8,11,136,9,15.11111111,1,0,0,2,1,2,0,0,3,5,4,2,1,2
6,6cd62b92-3bb7-442b-a407-5b86b719e496.txt,1,Y,9,9,160,11,14.54545455,2,1,0,3,0,1,2,0,3,4,2,2,1,2
4,a6995b81-4454-455d-9c1b-4a08dd8e152c.txt,2,Y,1,6,57,4,14.25,0,0,0,0,0,0,0,0,1,4,1,1,0,0
4,a6995b81-4454-455d-9c1b-4a08dd8e152c.txt,3,Y,1,10,40,4,10,0,0,0,1,0,0,0,0,0,5,4,3,0,0
6,3e041b9b-bc74-41be-8e81-85df8be44df1.txt,1,Y,6,13,87,4,21.75,0,1,1,1,1,1,0,0,3,4,4,5,1,1
6,890dcdff-221d-4a80-ab89-faea518893dc.txt,1,N,3,9,110,13,8.461538462,1,0,0,1,0,0,0,0,1,4,3,3,0,0
10,53cc0d83-4a49-44d3-86fb-b957c7258761.txt,10,Y,2,8,61,5,12.2,0,0,0,1,0,0,0,0,1,4,3,1,0,0
Grade 9,8114f165-c9b4-4b54-931a-1f4fb0ebe2e3.txt,10,Y,2,8,61,5,12.2,0,0,0,1,0,0,0,0,1,4,3,1,0,0
10,b747b7da-d2b8-46cd-80d8-636f7ab69e28.txt,2,Y,4,7,52,4,13,1,0,0,0,0,0,1,0,3,4,1,2,0,0
2,382c6d58-555a-4f70-a5f1-89af65cb3938.txt,1,N ,3,10,90,9,10,1,1,0,0,0,0,0,0,2,6,4,2,0,0
10,1b2266cd-a902-43fc-99c4-ad34cd9498ed.txt,8,N,2,10,111,8,13.875,0,0,0,0,1,1,0,0,1,4,3,2,1,2
6,82e7f249-e8e5-428f-8d08-9df02047cc34.txt,1,N,2,9,75,8,9.375,1,0,0,1,0,0,0,0,0,4,3,2,1,1
1,5f7954b5-3449-479e-8be6-ca191e9eacda.txt,1,Y,0,8,44,7,6.285714286,0,0,0,0,0,0,0,0,0,3,3,3,0,0
10,53cc0d83-4a49-44d3-86fb-b957c7258761.txt,22,N,1,6,36,5,7.2,0,0,0,1,0,0,0,0,0,4,0,1,1,1
6,913a05c2-3f03-41ad-900a-e437ca8b3163.txt,3,Y,4,8,88,6,14.66666667,1,1,0,2,0,0,1,0,0,4,3,1,0,0
Grade 7,3379c58b-4b70-4ebb-8038-17db0b7e2006.txt,3,Y,4,8,88,6,14.66666667,1,1,0,2,0,0,1,0,0,4,3,1,0,0
6,913a05c2-3f03-41ad-900a-e437ca8b3163.txt,4,Y,1,9,96,5,19.2,1,1,0,0,0,0,0,0,0,4,3,1,1,1
6,64e4e873-442c-4731-a509-203cf7568951.txt,9,Y,5,12,130,7,18.57142857,0,0,0,1,0,0,0,0,4,4,3,5,0,1
Grade 8,68de63b2-c313-490f-a670-2cb89e9ac4f4.txt,9,Y,5,12,130,7,18.57142857,0,0,0,1,0,0,0,0,4,4,3,5,0,1
10,6284470c-bf3d-4d6e-954f-3286895b1487.txt,15,Y,2,6,66,4,16.5,0,0,0,0,1,1,0,0,0,3,2,1,1,1
1,dacab2ba-6e7f-4ea3-aa1b-823e260202a1.txt,1,N,3,9,69,9,7.666666667,0,0,0,0,0,0,0,1,2,6,2,0,1,1
1,ee767425-c151-4e1f-ac6b-e509b54a7a58.txt,1,N,3,7,41,3,13.66666667,0,0,0,1,0,0,0,1,1,5,2,1,0,0
6,fced2421-53f2-4d1b-bfec-0279f89c74d5.txt,1,Y,3,10,66,3,22,2,1,0,1,0,0,0,0,1,3,3,4,0,1
4,a6995b81-4454-455d-9c1b-4a08dd8e152c.txt,4,Y,4,8,118,9,13.11111111,0,0,0,1,1,0,0,0,2,5,2,1,0,0
4,9ee1d472-8e46-4f4a-9f3d-acf556a4e4a0.txt,3,Y,1,9,35,3,11.66666667,0,0,0,0,0,0,0,1,0,5,3,1,0,1
3,3397b586-bad7-46d6-8fb9-ba1486b575f4.txt,1,Y,2,7,31,4,7.75,0,0,0,0,0,0,0,0,2,3,3,1,0,0
6,8f6fc81f-508e-4180-94ab-f946eaf24033.txt,3,Y,4,7,75,5,15,1,0,0,4,0,1,1,0,1,3,1,3,1,1
Grade 6,8f6fc81f-508e-4180-94ab-f946eaf24033.txt,3,Y,4,7,75,5,15,1,0,0,4,0,1,1,0,1,3,1,3,1,1
6,66c8917b-94b4-419a-a68f-764770819153.txt,3,Y,4,10,52,5,10.4,1,0,0,0,0,0,0,0,3,6,3,2,0,0
6,66c8917b-94b4-419a-a68f-764770819153.txt,1,Y,0,10,66,3,22,0,0,0,0,0,0,0,0,0,5,3,1,1,1
6,66c8917b-94b4-419a-a68f-764770819153.txt,4,Y,2,9,97,4,24.25,1,1,0,1,0,0,0,0,0,5,3,1,1,1
4,e914ff40-517c-4dc3-bff0-4147afc97991.txt,3,Y,5,5,56,5,11.2,1,0,0,2,0,2,1,0,3,3,0,1,1,1
4,398348d6-b356-40e4-a2db-640f3cea60e3.txt,2,Y,1,7,60,3,20,0,0,0,1,0,0,0,0,0,4,3,1,0,0
10,d04be3d3-7851-4cf8-bc92-73e3ffd55bd1.txt,12,Y,4,9,140,7,20,1,0,0,2,0,0,0,1,1,5,2,2,0,1
6,64e4e873-442c-4731-a509-203cf7568951.txt,8,Y,6,12,112,9,12.44444444,2,1,0,1,0,1,3,1,5,5,3,3,2,1
6,64e4e873-442c-4731-a509-203cf7568951.txt,13,N,0,6,16,4,4,0,0,0,0,0,0,0,0,0,3,2,3,0,0
6,ab45d134-4554-4339-a5d0-7ec92b950e74.txt,1,Y,6,12,87,7,12.42857143,0,0,0,3,0,0,1,0,2,5,3,3,1,2
10,0a97813b-0f08-48fa-b18a-e15f32b8dc3e.txt,3,Y,3,11,194,12,16.16666667,0,0,0,1,0,0,0,0,2,4,3,2,1,2
10,d04be3d3-7851-4cf8-bc92-73e3ffd55bd1.txt,6,Y,0,9,67,4,16.75,0,0,0,0,0,0,0,0,0,4,3,2,0,1
10,b747b7da-d2b8-46cd-80d8-636f7ab69e28.txt,15,Y,1,11,75,3,25,0,0,0,0,0,0,0,0,1,4,3,3,0,2
12,95f9bfb6-d226-49e5-83e8-e17cdb4eed07.txt,1,Y,3,13,86,5,17.2,0,0,0,0,0,0,2,1,3,5,4,5,1,2
10,7231a1e3-b6fc-46f5-9ce5-12b0c7976a34.txt,5,Y,1,8,80,4,20,0,0,0,0,0,1,0,0,0,4,3,1,1,1
12,cab91c8b-d337-4e4b-85c3-3646ca554dd2.txt,1,N,4,7,66,7,9.428571429,2,0,0,2,0,1,1,0,3,4,1,2,0,0
2,5727efbb-3487-4814-a883-a1b5afe06d14.txt,1,Y,0,6,32,5,6.4,0,0,0,0,0,0,0,0,0,3,1,2,1,1
2,5727efbb-3487-4814-a883-a1b5afe06d14.txt,2,Y,2,8,37,4,9.25,0,0,0,1,0,0,0,1,0,5,3,0,1,1
10,98d7b698-7b46-47f3-b100-a15e7d3b63a1.txt,6,Y,2,14,156,7,22.28571429,1,0,0,0,0,0,0,1,1,5,3,5,1,2
1,6de97a1f-5413-4d52-a8a9-7cc5ee2f5974.txt,1,N,2,4,33,5,6.6,0,0,0,0,0,0,1,0,2,3,1,0,0,0
Grade 1,6de97a1f-5413-4d52-a8a9-7cc5ee2f5974.txt,1,N,2,4,33,5,6.6,0,0,0,0,0,0,1,0,2,3,1,0,0,0
10,0bda5a94-aece-4017-abbf-4d0d13deffa1.txt,2,N,0,10,71,6,11.83333333,0,0,0,0,0,0,0,0,0,5,2,5,0,0
6,fced2421-53f2-4d1b-bfec-0279f89c74d5.txt,8,Y,5,12,137,11,12.45454545,1,1,0,1,0,1,1,1,0,5,3,3,1,1
2,265a9596-ef97-4737-9385-18d43f7cf1eb.txt,1,Y ,3,9,56,5,11.2,0,0,0,1,0,0,2,0,1,5,2,2,0,1
10,6284470c-bf3d-4d6e-954f-3286895b1487.txt,4,Y,6,9,128,6,21.33333333,1,0,0,1,1,1,0,1,2,4,3,2,1,1
Grade 11,fead4cea-ab26-4462-94fe-d71f2273f9c4.txt,4,Y,6,9,128,6,21.33333333,1,0,0,1,1,1,0,1,2,4,3,2,1,1
10,43f3b727-ad2b-4343-87ff-5c9fda433b0b.txt,5,Y,4,12,134,8,16.75,1,1,0,1,0,0,0,1,1,5,2,2,1,3
6,8f6fc81f-508e-4180-94ab-f946eaf24033.txt,1,Y,1,7,49,3,16.33333333,0,0,0,0,0,0,0,0,1,4,1,1,1,1
5,b27ea0d2-073c-4b73-a76b-f3e45a532c2c.txt,1,Y,4,8,63,6,10.5,0,0,0,1,0,0,2,0,2,5,2,2,0,0
6,51365203-5840-45a2-a885-eac2ac8f2254.txt,1,Y,1,7,62,3,20.66666667,0,0,0,0,0,0,1,0,0,3,2,2,1,1
4,398348d6-b356-40e4-a2db-640f3cea60e3.txt,1,Y,6,15,176,11,16,1,0,0,1,0,0,2,0,4,7,4,5,1,2
6,ab45d134-4554-4339-a5d0-7ec92b950e74.txt,2,Y,2,8,58,5,11.6,0,0,0,1,0,0,1,0,0,4,2,2,1,1
10,164e3426-bfa2-433a-8a93-2486e3f60083.txt,1,Y,2,10,72,3,24,0,0,0,1,0,0,0,0,1,3,4,3,1,1
10,0a97813b-0f08-48fa-b18a-e15f32b8dc3e.txt,2,Y,4,11,107,6,17.83333333,1,1,0,0,0,0,1,1,1,4,3,3,1,2
Grade 9,33b284a4-c6d6-48ed-bc60-fb4c3bc76849.txt,2,Y,4,11,107,6,17.83333333,1,1,0,0,0,0,1,1,1,4,3,3,1,2
6,15075463-b997-4eeb-8626-c3a66708e27b.txt,2,Y,2,11,86,5,17.2,1,0,0,0,0,1,0,0,1,6,1,4,1,1
10,53cc0d83-4a49-44d3-86fb-b957c7258761.txt,17,N,0,6,48,3,16,0,0,0,0,0,0,0,0,0,3,2,1,0,0
Grade 12,1869fc64-28d2-4c9a-84bf-8d2609405c5c.txt,1,Y,3,9,88,4,22,0,0,0,1,0,1,0,0,1,4,3,2,0,0
6,61e1456d-7588-4c1a-b20f-4117d4f356e8.txt,1,Y,1,10,53,4,13.25,0,0,0,1,0,0,0,0,0,4,2,4,0,1
6,64e4e873-442c-4731-a509-203cf7568951.txt,1,N,3,11,48,5,9.6,0,0,0,0,0,0,1,0,3,5,4,3,0,0
Grade 6,64e4e873-442c-4731-a509-203cf7568951.txt,1,N,3,11,48,5,9.6,0,0,0,0,0,0,1,0,3,5,4,3,0,0
6,61e1456d-7588-4c1a-b20f-4117d4f356e8.txt,2,Y,5,10,113,10,11.3,1,0,0,2,1,0,0,0,1,5,2,3,0,1
Grade 6,61e1456d-7588-4c1a-b20f-4117d4f356e8.txt,2,Y,5,10,113,10,11.3,1,0,0,2,1,0,0,0,1,5,2,3,0,1
10,d04be3d3-7851-4cf8-bc92-73e3ffd55bd1.txt,14,Y,4,6,80,4,20,1,1,0,1,0,0,1,1,2,4,1,2,0,0
Grade 11,af702cdf-44da-46bb-9bd6-ccaa5fb5637f.txt,14,Y,4,6,80,4,20,1,1,0,1,0,0,1,1,2,4,1,2,0,0
10,afe35d4a-5600-48ec-a42b-d9a400f7c454.txt,4,Y,5,13,135,7,19.28571429,1,0,0,1,0,0,1,1,3,5,3,4,1,2
10,6284470c-bf3d-4d6e-954f-3286895b1487.txt,14,Y,1,8,131,4,32.75,0,1,0,0,0,0,0,0,0,4,2,2,0,1
Grade 10,6284470c-bf3d-4d6e-954f-3286895b1487.txt,14,Y,1,8,131,4,32.75,0,1,0,0,0,0,0,0,0,4,2,2,0,1
4,9c3d6907-5624-4c33-89e3-4d04a4299f7d.txt,2,N,2,8,33,4,8.25,0,0,0,0,0,0,0,1,1,3,3,3,0,0
10,164e3426-bfa2-433a-8a93-2486e3f60083.txt,5,Y,3,13,123,4,30.75,1,0,0,1,0,0,0,0,2,6,4,3,2,1
Grade 11,a94c60c2-84f8-4ad2-8baf-7dfea5a8e8dc.txt,5,Y,3,13,123,4,30.75,1,0,0,1,0,0,0,0,2,6,4,3,2,1
10,7231a1e3-b6fc-46f5-9ce5-12b0c7976a34.txt,7,Y,4,19,190,4,47.5,1,0,1,0,1,2,0,0,1,7,6,5,1,3
6,6bfce0f8-895a-44ab-bdd8-cdab9d0a24bc.txt,1,Y,2,11,85,6,14.16666667,0,0,0,1,0,0,0,0,1,6,4,3,0,0
2,5727efbb-3487-4814-a883-a1b5afe06d14.txt,3,Y,1,6,37,4,9.25,0,0,0,0,0,0,1,0,1,5,2,0,0,0
2,f5eb74d5-d5dd-4bd4-a7ce-0c0bbcab69c8.txt,1,Y,2,6,49,5,9.8,0,0,0,0,0,0,1,1,1,4,2,0,0,0
5,85471520-873d-44a1-a11f-e18f7c4816e8.txt,1,Y,9,13,134,8,16.75,3,1,0,1,0,2,2,1,1,5,3,4,1,2
10,54e49de4-2891-4349-93ba-4428ccb0db4c.txt,2,N,2,6,41,6,6.833333333,0,0,0,1,0,0,0,0,1,3,1,2,1,1
1,125540d1-c28a-4c1c-acf1-3c629ba8d3a2.txt,2,Y,6,6,58,6,9.666666667,0,0,0,1,0,0,1,1,4,4,2,1,0,0
10,0a97813b-0f08-48fa-b18a-e15f32b8dc3e.txt,4,Y,1,6,55,3,18.33333333,0,0,0,1,0,0,0,0,0,3,2,1,1,1
Grade 12,59d0a3ce-7bb6-411c-8528-e1233604c313.txt,4,Y,1,6,55,3,18.33333333,0,0,0,1,0,0,0,0,0,3,2,1,1,1
2,68a8d86b-e29e-4ed1-858e-fcdeb5547761.txt,1,N,4,11,75,12,6.25,1,1,0,2,0,0,0,0,1,6,4,2,1,1
10,1ac1f588-4ce3-4fb9-a3bf-26fdf5ed5c9a.txt,6,Y,1,9,60,4,15,0,0,0,0,0,1,0,0,0,6,3,1,0,0
10,1b2266cd-a902-43fc-99c4-ad34cd9498ed.txt,5,Y,1,8,86,5,17.2,0,0,0,0,0,0,0,0,1,4,2,1,1,1
10,1ac1f588-4ce3-4fb9-a3bf-26fdf5ed5c9a.txt,4,Y,5,9,74,4,18.5,1,0,0,0,0,1,1,0,4,4,2,4,0,0
Grade 9,60fb4c5d-f06e-46b6-8dc4-69b19da0b42b.txt,4,Y,5,9,74,4,18.5,1,0,0,0,0,1,1,0,4,4,2,4,0,0
2,b752adc2-7132-4a81-ac23-5086f3ebc8b8.txt,1,Y,5,12,99,12,8.25,1,0,0,2,0,1,1,0,4,5,4,6,0,0
10,54e49de4-2891-4349-93ba-4428ccb0db4c.txt,3,Y,1,13,122,14,8.714285714,0,0,0,0,0,0,0,0,1,4,3,5,1,2
10,afe35d4a-5600-48ec-a42b-d9a400f7c454.txt,7,Y,3,14,166,13,12.76923077,0,0,0,1,0,0,0,0,2,5,3,5,1,2
3,9315f29f-c1ac-43f1-87b0-0acea9d35149.txt,1,Y,3,10,72,6,12,0,0,0,1,0,0,1,0,2,5,3,2,1,1
5,e8ceae9e-f8b3-400a-8520-fa652bf853ae.txt,1,N,3,8,95,10,9.5,0,0,0,1,0,0,0,0,2,4,3,2,0,0
2,8b6ca2ef-65d9-4b70-af5c-64884e888edd.txt,1,N,3,8,38,4,9.5,0,0,0,0,0,0,0,1,2,5,2,1,0,1
9,8114f165-c9b4-4b54-931a-1f4fb0ebe2e3.txt,1,Y,2,10,67,8,8.375,0,0,0,1,0,0,1,0,1,4,3,3,0,1
4,1b82113a-d1b6-43f8-89a3-0bc1f65c85b4.txt,1,Y,0,7,42,4,10.5,0,0,0,0,0,0,0,0,0,4,2,2,0,0
6,8f6fc81f-508e-4180-94ab-f946eaf24033.txt,2,Y,2,8,82,9,9.111111111,0,0,0,0,0,0,0,0,2,3,3,1,1,1
1,50b745f0-efdd-461c-aaf2-96332b6c8aa1.txt,1,N,5,8,66,8,8.25,1,0,0,0,0,1,0,0,3,4,2,3,0,0
Grade 1,50b745f0-efdd-461c-aaf2-96332b6c8aa1.txt,1,N,5,8,66,8,8.25,1,0,0,0,0,1,0,0,3,4,2,3,0,0
10,1b2266cd-a902-43fc-99c4-ad34cd9498ed.txt,6,Y,2,9,88,6,14.66666667,0,0,0,1,0,0,0,0,1,3,2,2,1,2
Grade 10,1b2266cd-a902-43fc-99c4-ad34cd9498ed.txt,6,Y,2,9,88,6,14.66666667,0,0,0,1,0,0,0,0,1,3,2,2,1,2
4,cfbe4b38-1c0c-4d54-9eed-c602dc9c3464.txt,2,Y,5,13,78,4,19.5,1,1,0,0,1,0,2,1,1,4,3,7,1,2
10,54e49de4-2891-4349-93ba-4428ccb0db4c.txt,6,N,1,8,76,12,6.333333333,0,0,0,0,0,0,0,0,1,3,1,3,1,2
10,54e49de4-2891-4349-93ba-4428ccb0db4c.txt,5,N,6,10,148,18,8.222222222,3,0,0,1,0,1,3,0,5,4,2,2,1,2
10,53cc0d83-4a49-44d3-86fb-b957c7258761.txt,7,Y,2,7,42,5,8.4,0,0,0,0,0,0,2,0,2,2,3,1,1,1
K,34e5a10f-7a24-4b3e-a436-50b7446ded89.txt,1,N,0,3,32,3,10.66666667,0,0,0,0,0,0,0,0,0,3,0,0,0,0
5,db5fe56f-6a3e-41aa-8c2a-44bbc9588f09.txt,1,N,7,13,114,6,19,2,0,0,1,0,2,2,1,1,6,4,2,2,2
6,64e4e873-442c-4731-a509-203cf7568951.txt,2,Y,3,11,118,13,9.076923077,0,0,0,1,1,0,0,0,1,5,3,3,1,1
10,b747b7da-d2b8-46cd-80d8-636f7ab69e28.txt,16,Y,2,8,95,5,19,0,0,0,1,0,0,0,1,0,3,2,2,1,1
Grade 12,1d45bcfc-80f6-44c9-9670-d98392d25c8d.txt,16,Y,2,8,95,5,19,0,0,0,1,0,0,0,1,0,3,2,2,1,1
10,d04be3d3-7851-4cf8-bc92-73e3ffd55bd1.txt,8,N,2,8,72,4,18,0,0,0,0,0,1,0,0,1,4,2,2,0,0
10,6284470c-bf3d-4d6e-954f-3286895b1487.txt,8,Y,3,9,92,3,30.66666667,2,1,0,1,0,0,0,0,1,5,3,1,0,1
10,b747b7da-d2b8-46cd-80d8-636f7ab69e28.txt,17,N,3,8,57,3,19,0,0,0,1,0,0,1,0,1,5,3,1,1,1
2,628a87f7-bc34-4be6-b50c-6110a0cdd18c.txt,3,Y,1,6,41,5,8.2,0,0,0,0,0,0,0,0,1,4,1,1,0,0
6,61e1456d-7588-4c1a-b20f-4117d4f356e8.txt,4,Y,3,7,47,5,9.4,1,0,0,1,0,0,1,0,2,5,1,1,1,1
6,85986361-6293-4bb8-97e6-a7349a467684.txt,5,Y,4,11,128,7,18.28571429,1,0,0,1,0,0,0,0,3,4,4,3,1,1
6,fced2421-53f2-4d1b-bfec-0279f89c74d5.txt,6,Y,0,9,101,7,14.42857143,0,0,0,0,0,0,0,0,0,3,3,3,0,1
6,fced2421-53f2-4d1b-bfec-0279f89c74d5.txt,2,Y,0,6,48,3,16,0,0,0,0,0,0,0,0,0,5,1,1,0,0
4,4f80ae4c-418a-4bb9-aca3-7a2c52c30ada.txt,1,Y,0,6,45,4,11.25,0,0,0,0,0,0,0,0,0,4,3,0,0,0
4,de4a3f3f-a6c7-441c-b149-ee3972bd5376.txt,1,Y,0,6,24,4,6,0,0,0,0,0,0,0,0,0,4,2,1,0,0
6,fced2421-53f2-4d1b-bfec-0279f89c74d5.txt,7,Y,3,6,63,5,12.6,1,0,0,2,0,0,0,0,1,3,3,1,0,0
10,afe35d4a-5600-48ec-a42b-d9a400f7c454.txt,3,Y,2,8,44,4,11,0,0,0,0,0,0,0,0,2,4,3,1,0,0
10,0a97813b-0f08-48fa-b18a-e15f32b8dc3e.txt,10,N,3,7,57,7,8.142857143,2,0,0,1,1,0,0,0,1,3,3,3,0,0
10,b747b7da-d2b8-46cd-80d8-636f7ab69e28.txt,8,N,2,3,31,4,7.75,1,0,0,2,0,1,1,0,1,1,2,0,0,0
Grade 10,b747b7da-d2b8-46cd-80d8-636f7ab69e28.txt,8,N,2,3,31,4,7.75,1,0,0,2,0,1,1,0,1,1,2,0,0,0
7,3c2ea9a5-cd4b-4a3f-86c0-3815c7facbe8.txt,2,N,5,10,162,13,12.46153846,2,1,0,1,0,0,0,0,3,4,2,2,1,1
10,41fee43c-93d7-49c4-a635-d2734ea2b647.txt,1,N,4,11,169,11,15.36363636,2,1,0,0,0,0,0,1,2,4,4,2,2,1
7,102e0250-b513-4cde-a998-ffacbcf493dd.txt,1,N,0,6,32,3,10.66666667,0,0,0,0,0,0,0,0,0,3,3,1,0,0
6,bca29e82-00ac-4ed0-9de7-4ba4e39e0dd7.txt,4,Y,1,8,65,5,13,0,0,0,0,0,0,0,0,1,4,2,2,1,1
Grade 7,792966fe-af34-4389-b4bb-51e3a5fcad08.txt,4,Y,1,8,65,5,13,0,0,0,0,0,0,0,0,1,4,2,2,1,1
6,bca29e82-00ac-4ed0-9de7-4ba4e39e0dd7.txt,5,N,3,11,96,6,16,0,0,0,2,0,0,1,0,1,5,3,3,1,2
6,bca29e82-00ac-4ed0-9de7-4ba4e39e0dd7.txt,6,N,3,10,60,6,10,0,0,1,0,1,0,0,0,1,6,3,4,0,0
6,bca29e82-00ac-4ed0-9de7-4ba4e39e0dd7.txt,2,Y,2,7,94,7,13.42857143,1,0,0,1,0,0,0,0,1,4,2,1,1,1
6,bca29e82-00ac-4ed0-9de7-4ba4e39e0dd7.txt,3,Y,0,9,48,5,9.6,0,0,0,0,0,0,0,0,0,4,3,2,0,1
10,572b73a0-5c9b-4fd6-8055-fd0b425dffe5.txt,1,Y,4,10,49,6,8.166666667,1,0,0,0,0,0,1,0,4,4,2,2,1,2
4,0f971271-a634-417f-82a2-3a2937b3c058.txt,4,Y,5,10,62,4,15.5,0,0,0,2,0,1,0,1,1,3,4,3,1,1
10,3e229408-5ab9-4fd8-ab25-e636a4217a69.txt,2,N,8,11,196,11,17.81818182,2,1,0,1,0,1,2,1,4,5,3,3,1,1
10,164e3426-bfa2-433a-8a93-2486e3f60083.txt,2,Y,3,12,96,6,16,0,0,0,0,1,0,1,1,1,4,3,4,1,1
10,2a6e5b24-4e1a-4417-83dc-a7dfa65f4e24.txt,4,Y,5,12,137,9,15.22222222,1,0,0,1,0,0,1,0,3,4,3,4,1,1
4,9ee1d472-8e46-4f4a-9f3d-acf556a4e4a0.txt,2,Y,7,10,58,4,14.5,2,0,0,0,0,2,2,0,2,4,3,4,1,2
6,64e4e873-442c-4731-a509-203cf7568951.txt,12,N,0,2,12,3,4,0,0,0,0,0,0,0,0,0,2,0,0,0,0
6,51365203-5840-45a2-a885-eac2ac8f2254.txt,5,Y,4,15,129,7,18.42857143,1,0,0,0,0,0,2,1,3,7,5,4,1,1
4,1b82113a-d1b6-43f8-89a3-0bc1f65c85b4.txt,2,Y,2,6,70,8,8.75,1,0,0,0,0,1,0,0,0,4,2,1,0,0
4,2e654cda-641d-4781-a7c4-99bc6d1061d4.txt,2,N,2,10,47,5,9.4,1,0,0,0,0,1,0,0,0,6,4,2,0,0
6,15075463-b997-4eeb-8626-c3a66708e27b.txt,4,Y,1,14,88,6,14.66666667,1,1,0,0,0,0,0,0,0,4,3,6,1,2
4,1b82113a-d1b6-43f8-89a3-0bc1f65c85b4.txt,4,Y,4,10,68,5,13.6,1,0,0,0,0,1,2,1,2,4,4,3,0,0
6,ab45d134-4554-4339-a5d0-7ec92b950e74.txt,8,N,1,5,41,3,13.66666667,1,0,0,0,0,0,1,0,1,3,1,2,0,0
6,bca29e82-00ac-4ed0-9de7-4ba4e39e0dd7.txt,7,Y,2,7,62,3,20.66666667,1,0,0,0,0,0,1,0,2,4,2,1,1,1
Grade 6,bca29e82-00ac-4ed0-9de7-4ba4e39e0dd7.txt,7,Y,2,7,62,3,20.66666667,1,0,0,0,0,0,1,0,2,4,2,1,1,1
10,53cc0d83-4a49-44d3-86fb-b957c7258761.txt,11,Y,3,9,73,8,9.125,1,0,0,2,0,0,1,0,1,4,3,2,1,0
10,164e3426-bfa2-433a-8a93-2486e3f60083.txt,4,Y,2,11,106,5,21.2,0,0,0,1,0,0,0,0,1,4,3,2,2,2
Grade 12,3094e855-156a-476d-a74d-6fbcfd8694dd.txt,4,Y,2,11,106,5,21.2,0,0,0,1,0,0,0,0,1,4,3,2,2,2
10,d04be3d3-7851-4cf8-bc92-73e3ffd55bd1.txt,5,N,4,8,74,4,18.5,2,1,0,1,0,0,1,0,0,5,2,2,0,0
Grade 12,df24309d-9b69-466d-b2ab-fe3eaccc3fb7.txt,5,N,4,8,74,4,18.5,2,1,0,1,0,0,1,0,0,5,2,2,0,0
4,a6995b81-4454-455d-9c1b-4a08dd8e152c.txt,1,N,0,9,37,3,12.33333333,0,0,0,0,0,0,0,0,0,6,2,1,1,1
4,3ebb9f0e-2acd-403a-96a4-ba9deacbc69e.txt,1,N,0,7,35,3,11.66666667,0,0,0,0,0,0,0,0,0,5,2,2,0,0
10,53cc0d83-4a49-44d3-86fb-b957c7258761.txt,19,N,3,8,109,10,10.9,0,0,0,2,0,0,1,0,1,4,2,2,1,1
6,1671cf6d-3655-48aa-a745-64ffc7844031.txt,1,N,2,2,45,6,7.5,0,0,0,1,0,0,0,0,1,2,0,0,0,0
6,15075463-b997-4eeb-8626-c3a66708e27b.txt,1,Y,2,6,47,3,15.66666667,0,0,0,0,0,0,0,0,2,3,1,0,1,3
2,628a87f7-bc34-4be6-b50c-6110a0cdd18c.txt,1,Y,2,9,42,4,10.5,1,1,0,0,0,0,0,0,1,5,3,2,1,1
10,6284470c-bf3d-4d6e-954f-3286895b1487.txt,7,Y,4,10,86,3,28.66666667,0,0,0,1,1,2,0,0,1,3,2,3,2,2
Grade 11,fead4cea-ab26-4462-94fe-d71f2273f9c4.txt,7,Y,4,10,86,3,28.66666667,0,0,0,1,1,2,0,0,1,3,2,3,2,2
6,fced2421-53f2-4d1b-bfec-0279f89c74d5.txt,9,Y,4,9,57,3,19,2,1,0,2,0,1,1,1,1,3,3,3,0,1
10,53cc0d83-4a49-44d3-86fb-b957c7258761.txt,3,Y,3,9,108,6,18,0,0,0,1,0,0,1,0,1,3,2,3,1,1
6,ab45d134-4554-4339-a5d0-7ec92b950e74.txt,15,Y,6,14,126,7,18,0,0,2,1,1,1,1,0,3,5,5,7,0,0
10,b747b7da-d2b8-46cd-80d8-636f7ab69e28.txt,10,Y,4,10,105,8,13.125,0,0,0,1,0,0,1,0,2,4,3,4,1,1
10,6284470c-bf3d-4d6e-954f-3286895b1487.txt,2,Y,2,9,75,4,18.75,1,1,0,1,0,0,0,0,0,4,2,2,0,1
10,3e229408-5ab9-4fd8-ab25-e636a4217a69.txt,4,Y,3,11,93,5,18.6,0,0,1,0,1,1,2,1,0,4,1,3,2,2
3,e448d2fc-1ab4-4a19-a2af-6b4481a8070b.txt,3,N,1,3,12,3,4,0,0,0,0,0,0,0,0,1,3,1,0,0,0
10,3e229408-5ab9-4fd8-ab25-e636a4217a69.txt,5,N,1,8,51,4,12.75,0,0,0,1,0,0,0,0,0,3,2,2,1,2
4,1b82113a-d1b6-43f8-89a3-0bc1f65c85b4.txt,5,Y,1,6,25,3,8.333333333,0,0,0,0,0,0,0,0,1,4,2,2,0,0
10,6284470c-bf3d-4d6e-954f-3286895b1487.txt,5,Y,5,11,125,5,25,0,0,0,1,0,0,0,1,3,5,2,2,1,2
Grade 9,675520c4-27a6-4728-8e0c-228a53eb4ed1.txt,5,Y,5,11,125,5,25,0,0,0,1,0,0,0,1,3,5,2,2,1,2
10,0a97813b-0f08-48fa-b18a-e15f32b8dc3e.txt,9,Y,1,6,47,3,15.66666667,0,0,0,1,0,0,0,0,0,3,2,2,0,0
6,d449ad93-650a-4ed8-9923-a1e5f122f718.txt,2,Y,5,12,95,7,13.57142857,1,0,1,1,1,1,0,0,2,4,3,4,1,2
Grade 6,d449ad93-650a-4ed8-9923-a1e5f122f718.txt,2,Y,5,12,95,7,13.57142857,1,0,1,1,1,1,0,0,2,4,3,4,1,2
6,64e4e873-442c-4731-a509-203cf7568951.txt,4,Y,7,10,55,5,11,1,0,0,3,0,1,3,0,5,6,2,3,0,0
1,77dd2ccc-3cdb-40d7-aeec-68b19d4da44c.txt,1,N,4,9,105,19,5.526315789,0,0,0,1,0,0,1,1,2,6,3,1,0,0
4,cfbe4b38-1c0c-4d54-9eed-c602dc9c3464.txt,1,Y,3,8,93,5,18.6,0,0,0,0,0,1,0,0,2,4,3,2,0,0
10,b747b7da-d2b8-46cd-80d8-636f7ab69e28.txt,5,Y,11,12,170,10,17,1,0,0,6,0,2,2,1,4,4,4,4,0,1
2,b5aa7cb8-a2a6-42a8-9b35-2cab7ff452f8.txt,1,N,0,4,33,8,4.125,0,0,0,0,0,0,0,0,0,3,1,0,0,0
10,2a6e5b24-4e1a-4417-83dc-a7dfa65f4e24.txt,3,Y,2,12,81,6,13.5,0,0,1,1,0,0,0,0,0,4,4,3,1,2
Grade 9,e33fba32-a442-46d8-9b41-61a58753b086.txt,3,Y,2,12,81,6,13.5,0,0,1,1,0,0,0,0,0,4,4,3,1,2
6,85986361-6293-4bb8-97e6-a7349a467684.txt,3,Y,3,12,125,6,20.83333333,1,0,0,1,0,1,1,0,1,4,4,3,2,1
10,98d7b698-7b46-47f3-b100-a15e7d3b63a1.txt,4,Y,6,9,122,7,17.42857143,0,0,0,2,0,1,0,0,3,4,3,3,0,0
10,7231a1e3-b6fc-46f5-9ce5-12b0c7976a34.txt,1,N,4,12,108,4,27,2,1,0,2,0,1,1,0,2,5,3,3,1,2
10,1b2266cd-a902-43fc-99c4-ad34cd9498ed.txt,2,Y,4,11,134,8,16.75,0,0,0,0,0,1,1,0,3,5,3,1,2,1
Grade 11,d305a34f-bdde-4f8d-ac4b-5a78885840b1.txt,2,Y,4,11,134,8,16.75,0,0,0,0,0,1,1,0,3,5,3,1,2,1
6,6bfce0f8-895a-44ab-bdd8-cdab9d0a24bc.txt,3,Y,0,8,50,4,12.5,0,0,0,0,0,0,0,0,0,3,2,2,2,1
10,1ac1f588-4ce3-4fb9-a3bf-26fdf5ed5c9a.txt,2,Y,1,4,42,3,14,0,0,0,0,0,0,1,0,1,3,0,0,1,1
10,6284470c-bf3d-4d6e-954f-3286895b1487.txt,6,Y,2,11,116,5,23.2,0,0,0,0,1,0,1,1,1,5,2,2,1,3
10,43f3b727-ad2b-4343-87ff-5c9fda433b0b.txt,2,Y,7,12,124,7,17.71428571,2,1,0,2,0,0,1,0,3,4,3,4,1,2
10,43f3b727-ad2b-4343-87ff-5c9fda433b0b.txt,12,Y,3,8,64,3,21.33333333,0,0,0,2,0,0,1,0,1,4,3,0,0,1
6,61e1456d-7588-4c1a-b20f-4117d4f356e8.txt,3,Y,2,10,92,7,13.14285714,0,0,0,1,0,0,0,0,1,5,2,4,0,0
5,3107d332-9e17-4c91-90e0-63aa78149a29.txt,1,N,0,4,20,3,6.666666667,0,0,0,0,0,0,0,0,0,3,1,1,0,0
9,3c5f0df7-46f5-4dce-9700-21d7dc71bdfe.txt,1,N,2,7,91,12,7.583333333,0,0,0,1,0,0,0,0,1,4,3,1,0,0
10,6284470c-bf3d-4d6e-954f-3286895b1487.txt,12,Y,0,9,94,5,18.8,0,0,0,0,0,0,0,0,0,4,2,2,1,2
10,1b2266cd-a902-43fc-99c4-ad34cd9498ed.txt,1,Y,5,9,112,5,22.4,0,0,0,2,1,1,1,1,1,5,1,2,1,1
6,64e4e873-442c-4731-a509-203cf7568951.txt,11,N,0,8,40,5,8,0,0,0,0,0,0,0,0,0,5,2,1,0,0
9,37d0bf9c-62af-4d0a-b7e9-d9346347b53a.txt,2,N,5,10,147,5,29.4,1,1,0,1,0,1,0,1,1,5,3,2,0,1
10,43f3b727-ad2b-4343-87ff-5c9fda433b0b.txt,7,Y,5,15,107,7,15.28571429,1,0,1,0,0,0,0,1,2,6,4,5,1,2
6,8f6fc81f-508e-4180-94ab-f946eaf24033.txt,5,Y,3,8,61,3,20.33333333,0,0,0,1,0,0,0,0,2,5,2,2,0,0
4,e914ff40-517c-4dc3-bff0-4147afc97991.txt,4,Y,2,6,43,5,8.6,1,0,0,0,0,1,0,0,0,4,1,1,0,0
10,43f3b727-ad2b-4343-87ff-5c9fda433b0b.txt,6,Y,5,14,142,9,15.77777778,1,0,0,2,0,0,1,1,2,6,4,4,1,1
10,1ac1f588-4ce3-4fb9-a3bf-26fdf5ed5c9a.txt,7,Y,4,11,73,5,14.6,0,0,0,2,0,1,0,0,1,5,4,3,1,1
Grade 9,60fb4c5d-f06e-46b6-8dc4-69b19da0b42b.txt,7,Y,4,11,73,5,14.6,0,0,0,2,0,1,0,0,1,5,4,3,1,1
10,30936735-ae1c-458e-8919-20b73921fb10.txt,2,Y,2,7,48,3,16,0,0,0,0,0,1,1,0,1,4,2,1,1,1
Grade 9,fb256f01-3911-4eb5-a682-f40ec59af85b.txt,2,Y,2,7,48,3,16,0,0,0,0,0,1,1,0,1,4,2,1,1,1
10,2a6e5b24-4e1a-4417-83dc-a7dfa65f4e24.txt,7,Y,3,13,122,6,20.33333333,0,0,0,1,0,0,0,1,1,5,3,6,0,0
4,0f971271-a634-417f-82a2-3a2937b3c058.txt,2,Y,1,7,42,5,8.4,0,0,0,0,0,1,0,0,0,3,2,2,0,0
10,53cc0d83-4a49-44d3-86fb-b957c7258761.txt,4,Y,4,13,103,7,14.71428571,1,0,0,1,0,1,1,0,1,5,4,4,1,1
6,51365203-5840-45a2-a885-eac2ac8f2254.txt,3,Y,5,15,138,4,34.5,1,1,0,0,0,0,2,0,4,6,4,7,1,1
Grade 6,51365203-5840-45a2-a885-eac2ac8f2254.txt,3,Y,5,15,138,4,34.5,1,1,0,0,0,0,2,0,4,6,4,7,1,1
10,43f3b727-ad2b-4343-87ff-5c9fda433b0b.txt,10,Y,4,12,98,7,14,0,0,0,1,0,0,2,0,2,5,3,3,1,2
3,d51a9c6b-76f2-4f88-be69-e82f2b21e1a1.txt,1,N,2,7,75,9,8.333333333,0,0,0,1,0,0,1,0,1,4,2,1,1,1
2,265a9596-ef97-4737-9385-18d43f7cf1eb.txt,3,Y,1,9,51,3,17,0,0,0,0,0,0,0,0,1,5,2,5,0,0
6,bca29e82-00ac-4ed0-9de7-4ba4e39e0dd7.txt,1,N,2,7,66,5,13.2,0,0,0,1,0,0,0,0,1,4,2,1,1,1
4,e914ff40-517c-4dc3-bff0-4147afc97991.txt,2,Y,5,7,70,7,10,1,0,0,0,0,1,2,0,4,3,2,3,0,0
10,745fd48e-b784-4d6b-b802-691b50135c84.txt,1,Y,6,14,110,5,22,0,0,0,4,1,0,0,0,1,5,4,6,1,2
10,164e3426-bfa2-433a-8a93-2486e3f60083.txt,6,N,1,8,25,3,8.333333333,0,0,0,0,0,0,0,1,0,4,4,1,1,1
10,53cc0d83-4a49-44d3-86fb-b957c7258761.txt,20,N,0,6,17,3,5.666666667,0,0,0,0,0,0,0,0,0,4,2,2,0,0
10,53cc0d83-4a49-44d3-86fb-b957c7258761.txt,16,N,0,7,18,3,6,0,0,0,0,0,0,0,0,0,5,3,1,0,0
6,ab45d134-4554-4339-a5d0-7ec92b950e74.txt,10,N,3,10,64,6,10.66666667,0,0,0,1,0,0,0,0,2,5,4,2,0,1
2,265a9596-ef97-4737-9385-18d43f7cf1eb.txt,2,Y ,0,5,46,3,15.33333333,0,0,0,0,0,0,0,0,0,4,2,1,0,0
10,745fd48e-b784-4d6b-b802-691b50135c84.txt,5,Y,3,9,88,4,22,0,0,0,1,0,0,0,1,1,4,2,2,1,0
10,a956510c-9520-48ad-a6e5-12f142a62472.txt,4,Y,7,12,125,11,11.36363636,1,0,0,1,0,0,3,1,3,6,2,3,2,1
Grade 11,b87837c2-5032-46b6-957c-b3f914bdf083.txt,4,Y,7,12,125,11,11.36363636,1,0,0,1,0,0,3,1,3,6,2,3,2,1
10,2a6e5b24-4e1a-4417-83dc-a7dfa65f4e24.txt,6,Y,3,8,117,7,16.71428571,0,0,0,1,0,0,0,1,1,5,1,2,0,0
Grade 10,2a6e5b24-4e1a-4417-83dc-a7dfa65f4e24.txt,6,Y,3,8,117,7,16.71428571,0,0,0,1,0,0,0,1,1,5,1,2,0,0
6,ab45d134-4554-4339-a5d0-7ec92b950e74.txt,5,N,4,6,51,5,10.2,0,0,0,2,0,0,1,0,2,4,1,1,1,1
10,98d7b698-7b46-47f3-b100-a15e7d3b63a1.txt,5,Y,1,10,119,7,17,0,0,0,1,0,0,0,0,0,4,4,3,0,0
10,745fd48e-b784-4d6b-b802-691b50135c84.txt,6,Y,4,11,77,3,25.66666667,1,0,0,2,0,1,1,1,2,4,3,3,1,2
10,98d7b698-7b46-47f3-b100-a15e7d3b63a1.txt,8,N,0,8,59,3,19.66666667,0,0,0,0,0,0,0,0,0,5,3,2,0,0
10,745fd48e-b784-4d6b-b802-691b50135c84.txt,2,Y,6,12,93,5,18.6,0,0,0,1,0,1,3,1,3,4,3,3,1,2
6,ab45d134-4554-4339-a5d0-7ec92b950e74.txt,11,Y,7,12,123,7,17.57142857,1,0,0,2,0,1,0,1,3,5,5,3,1,1
Grade 6,ab45d134-4554-4339-a5d0-7ec92b950e74.txt,11,Y,7,12,123,7,17.57142857,1,0,0,2,0,1,0,1,3,5,5,3,1,1
10,2a6e5b24-4e1a-4417-83dc-a7dfa65f4e24.txt,8,N,8,17,198,13,15.23076923,1,0,0,2,0,0,1,0,6,6,4,8,1,2
10,a956510c-9520-48ad-a6e5-12f142a62472.txt,5,Y,5,10,97,9,10.77777778,2,0,0,1,0,0,0,0,2,4,3,3,1,1
10,53cc0d83-4a49-44d3-86fb-b957c7258761.txt,21,Y,1,11,84,7,12,0,0,0,0,0,0,0,0,1,5,5,2,0,0
Grade 12,fd010139-78c2-465c-bebc-e188a1f14da7.txt,21,Y,1,11,84,7,12,0,0,0,0,0,0,0,0,1,5,5,2,0,0
10,a956510c-9520-48ad-a6e5-12f142a62472.txt,6,Y,6,10,126,9,14,1,0,0,1,0,1,0,0,3,5,3,2,1,1
Grade 9,cc932f81-d417-4d4a-bad7-f4da2d6ce5fc.txt,6,Y,6,10,126,9,14,1,0,0,1,0,1,0,0,3,5,3,2,1,1
10,164e3426-bfa2-433a-8a93-2486e3f60083.txt,8,N,2,9,55,3,18.33333333,0,0,0,1,0,0,0,1,0,5,3,1,1,1
6,ab45d134-4554-4339-a5d0-7ec92b950e74.txt,14,N,4,14,142,7,20.28571429,0,0,0,2,0,0,0,0,2,6,4,6,0,1
10,b747b7da-d2b8-46cd-80d8-636f7ab69e28.txt,1,N,2,7,34,5,6.8,0,0,0,1,0,0,0,0,1,3,3,2,0,0
6,913a05c2-3f03-41ad-900a-e437ca8b3163.txt,1,Y,3,8,77,4,19.25,0,0,0,0,2,1,1,1,0,4,3,1,1,1
10,0a97813b-0f08-48fa-b18a-e15f32b8dc3e.txt,8,N,2,6,51,6,8.5,0,0,0,1,0,0,1,0,1,4,0,1,0,1
Grade 11,0538ef63-a5ad-4c4c-b3e5-0537072d631c.txt,8,N,2,6,51,6,8.5,0,0,0,1,0,0,1,0,1,4,0,1,0,1
10,0a97813b-0f08-48fa-b18a-e15f32b8dc3e.txt,7,N,0,10,22,3,7.333333333,0,0,0,0,0,0,0,0,0,5,1,6,1,1
4,66181856-dc3c-47a5-b15e-983e44b81bef.txt,1,N,3,9,131,14,9.357142857,1,0,0,1,0,0,0,0,1,4,3,2,0,1
1,2a042a57-c2d9-46d4-bfae-bab3f9eb11cc.txt,1,N,3,9,53,10,5.3,1,0,0,0,0,0,1,0,2,6,3,2,0,0
9,c1936c74-461c-4ee7-97ce-9e7289600871.txt,1,N,6,10,162,12,13.5,0,0,0,1,0,1,1,0,4,5,3,1,2,1
Grade 9,c1936c74-461c-4ee7-97ce-9e7289600871.txt,1,N,6,10,162,12,13.5,0,0,0,1,0,1,1,0,4,5,3,1,2,1
8,66ad5dc1-f04c-402f-b3bb-a014d8a25dc8.txt,1,N,1,6,104,12,8.666666667,0,0,0,0,0,0,0,0,1,4,2,0,0,0
10,d04be3d3-7851-4cf8-bc92-73e3ffd55bd1.txt,1,Y,2,9,60,4,15,0,0,0,1,0,0,0,0,1,4,3,2,0,1
6,82e7f249-e8e5-428f-8d08-9df02047cc34.txt,3,N,3,9,68,6,11.33333333,0,0,0,1,0,0,0,1,1,4,4,2,0,0
7,553d6d15-fbcd-4f0d-9ea6-260ecfb24fcb.txt,1,N,0,4,47,7,6.714285714,0,0,0,0,0,0,0,0,0,3,0,0,0,1
4,9c3d6907-5624-4c33-89e3-4d04a4299f7d.txt,1,N,0,5,37,4,9.25,0,0,0,0,0,0,0,0,0,2,2,2,0,0
4,de4a3f3f-a6c7-441c-b149-ee3972bd5376.txt,2,Y,3,7,52,4,13,2,1,0,0,0,0,1,0,1,4,2,1,0,0
3,8747793b-4e1c-476e-bc76-283ba51431ce.txt,2,N,3,4,33,4,8.25,0,0,0,2,0,1,0,0,0,3,1,0,1,1
8,0d686419-82d2-49a8-b129-cb468f375bdf.txt,1,N,6,11,132,7,18.85714286,0,0,0,3,0,1,0,1,1,4,3,4,1,1
10,1ac1f588-4ce3-4fb9-a3bf-26fdf5ed5c9a.txt,1,Y,2,9,64,4,16,0,0,0,1,0,0,0,0,1,4,4,3,0,0
4,de4a3f3f-a6c7-441c-b149-ee3972bd5376.txt,3,Y,6,8,107,7,15.28571429,1,1,0,0,0,1,0,1,3,4,2,2,0,0
1,2a042a57-c2d9-46d4-bfae-bab3f9eb11cc.txt,2,N,2,8,38,7,5.428571429,1,0,0,0,0,0,0,0,2,5,2,2,0,0
10,a956510c-9520-48ad-a6e5-12f142a62472.txt,1,Y,5,8,64,4,16,2,1,0,1,0,0,1,0,3,4,2,2,1,1
6,82e7f249-e8e5-428f-8d08-9df02047cc34.txt,2,N,6,10,151,10,15.1,2,1,0,1,0,1,2,0,2,4,3,3,1,1
9,f5b3b87d-8d95-4544-bc30-389783ec87fe.txt,1,N,2,6,58,4,14.5,0,0,0,0,0,0,1,2,1,3,2,1,0,0
6,6cd62b92-3bb7-442b-a407-5b86b719e496.txt,2,Y,2,8,49,4,12.25,1,0,0,0,0,0,1,0,1,4,3,2,0,0
10,3e229408-5ab9-4fd8-ab25-e636a4217a69.txt,3,N,3,11,89,5,17.8,1,1,0,0,0,0,0,1,1,3,3,3,2,2
12,95f9bfb6-d226-49e5-83e8-e17cdb4eed07.txt,2,Y,10,17,180,14,12.85714286,1,0,0,3,0,2,1,1,3,6,4,5,1,3
10,43f3b727-ad2b-4343-87ff-5c9fda433b0b.txt,1,Y,2,6,64,4,16,0,0,0,0,0,0,1,0,1,3,1,2,0,0
10,98d7b698-7b46-47f3-b100-a15e7d3b63a1.txt,1,Y,1,8,90,5,18,0,0,0,0,0,1,0,0,0,4,2,2,0,1
3,8747793b-4e1c-476e-bc76-283ba51431ce.txt,3,Y,1,6,27,4,6.75,0,0,0,0,0,0,0,0,1,6,1,0,0,0
4,2e654cda-641d-4781-a7c4-99bc6d1061d4.txt,4,Y,6,9,58,5,11.6,1,0,0,2,0,1,1,0,2,4,2,2,2,1
4,0f971271-a634-417f-82a2-3a2937b3c058.txt,1,N,4,8,63,6,10.5,0,0,0,1,0,0,2,0,2,5,2,2,0,0
9,37d0bf9c-62af-4d0a-b7e9-d9346347b53a.txt,1,N,7,11,123,6,20.5,2,1,0,1,0,3,2,1,3,4,4,5,1,1
10,36ff479e-10c1-4011-9020-8172a5068b42.txt,1,Y,3,9,88,4,22,0,0,0,1,0,1,0,0,1,4,3,2,0,0
7,a3dc1ffd-cc99-4045-a129-8e44addfd350.txt,1,N,3,11,48,5,9.6,0,0,0,0,0,0,1,0,3,5,4,3,0,0
10,0bda5a94-aece-4017-abbf-4d0d13deffa1.txt,1,N,3,9,143,8,17.875,0,0,0,1,0,0,1,1,1,5,4,2,0,0
4,2e654cda-641d-4781-a7c4-99bc6d1061d4.txt,3,Y,5,8,62,6,10.33333333,3,1,0,2,0,0,0,0,2,5,1,3,0,0
Grade 4,2e654cda-641d-4781-a7c4-99bc6d1061d4.txt,3,Y,5,8,62,6,10.33333333,3,1,0,2,0,0,0,0,2,5,1,3,0,0
10,54e49de4-2891-4349-93ba-4428ccb0db4c.txt,1,Y,0,5,25,4,6.25,0,0,0,0,0,0,0,0,0,2,2,1,0,0
11,f165c560-f085-4ba6-aea0-42141ad12be3.txt,1,Y,5,9,170,11,15.45454545,0,0,0,1,0,1,1,1,2,5,3,1,1,1
6,d449ad93-650a-4ed8-9923-a1e5f122f718.txt,1,Y,8,10,94,6,15.66666667,2,0,0,1,0,0,2,0,6,4,3,2,2,1
9,b7f6d4b6-cb5d-4b6c-b6b3-c1be5c363617.txt,1,Y,2,14,97,5,19.4,0,0,0,1,0,1,0,1,0,3,4,6,1,2
11,cb5839b5-0e2b-4a0c-83ef-b1f0914ca112.txt,1,Y,7,13,197,9,21.88888889,1,1,0,1,0,1,3,2,3,6,4,4,1,1
12,95f9bfb6-d226-49e5-83e8-e17cdb4eed07.txt,3,N,0,16,131,6,21.83333333,0,0,0,0,0,0,0,0,0,5,4,6,1,2
10,0a97813b-0f08-48fa-b18a-e15f32b8dc3e.txt,1,Y,7,9,105,3,35,2,0,0,1,0,1,0,1,3,3,3,3,1,1
Grade 12,59d0a3ce-7bb6-411c-8528-e1233604c313.txt,1,Y,7,9,105,3,35,2,0,0,1,0,1,0,1,3,3,3,3,1,1
Grade 12,8491a45b-dff0-4fc5-bade-eaa7bf8e4ffe.txt,1,Y,6,14,110,5,22,0,0,0,4,1,0,0,0,1,5,4,6,1,2
Grade 10,b747b7da-d2b8-46cd-80d8-636f7ab69e28.txt,1,Y,2,7,34,5,6.8,0,0,0,1,0,0,0,0,1,3,3,2,0,0
